"year","month","sac_flow","san_joaquin_flow","export","delta_outflow","omr_flow_extrap","winter_lad_loss","winter_expanded_salvage","spring_lad_loss","spring_expanded_salvage","sac_trawl_wr_count","sac_trawl_sample_size","sac_trawl_sr_count","sac_trawl_sr_cpue","sac_trawl_wr_cpue"
1993,1,48261.2903225806,4120,11670.6774193548,57885.8709677419,-8014.1935483871,82.5461290322581,18.891935483871,0,0,3.875,8.625,0,0,0.424107142857143
1993,2,48596.4285714286,3035.35714285714,9331.42857142857,55021.6428571429,-6461.48483833989,44.9567857142857,12.6071428571429,0,0,2.66666666666667,9.33333333333333,0,0,0.28858024691358
1993,3,49338.7096774194,2702.25806451613,6036.77419354839,63968.6129032258,-3668.1935483871,4.03290322580645,2.58064516129032,2.77774193548387,1.67741935483871,6.56521739130435,9.78260869565217,5.1304347826087,0.529830917874396,0.676449275362319
1993,4,43213.3333333333,3420.66666666667,5757.36666666667,44295.9333333333,-3201.52333333333,2.006,1.13333333333333,186.759333333333,110.133333333333,0.142857142857143,9.76190476190476,73.0476190476191,7.56158008658009,0.0142857142857143
1993,5,24954.8387096774,3610,3496.67741935484,25188.1935483871,-835.577419354839,0,0,242.57064516129,139.774193548387,0,9.95,2.9,0.29,0
1993,6,30473.3333333333,2341,4349.16666666667,27078.2,-2923.53333333333,0,0,1.32233333333333,0.933333333333333,0,9.36363636363636,0.0909090909090909,0.00909090909090909,0
1993,7,19861.2903225806,1509.67741935484,8871.16129032258,9449.67741935484,-7321.61290322581,0,0,0,0,NA,NA,NA,NA,NA
1993,8,21080.6451612903,1998.38709677419,10957.6129032258,9421.90322580645,-8738.70967741935,0,0,0,0,NA,NA,NA,NA,NA
1993,9,15826.6666666667,2771,11089.2666666667,5305.83333333333,-8287.33333333333,0,0,0,0,0,9.33333333333333,0,0,0
1993,10,13819.3548387097,3040.64516129032,10967.8709677419,5117.83870967742,-7877.74193548387,0,0,0,0,0.0833333333333333,10,0,0,0.00833333333333333
1993,11,12093.3333333333,1759,7024.3,7380.6,-5280.84055444813,0,0,0,0,0,10,0,0,0
1993,12,20341.935483871,1628.06451612903,10576.4193548387,12360.8387096774,-8395.13493070461,48.0167741935484,14,0,0,0.307692307692308,9.92307692307692,0.0769230769230769,0.00769230769230769,0.0307692307692308
1994,1,14190.3225806452,1772.90322580645,5910.93548387097,10787.1612903226,-3819.79124148753,5.59290322580645,1.93548387096774,0,0,1.73333333333333,9.46666666666667,0,0,0.188888888888889
1994,2,20196.4285714286,1987.14285714286,5918.89285714286,20557.0357142857,-3768.41405159359,7.56428571428571,5.92857142857143,0,0,1.73333333333333,10,1,0.1,0.173333333333333
1994,3,13460.6451612903,2205.8064516129,4360.90322580645,10595.0967741935,-2395.19822733416,24.7025806451613,17.1612903225806,6.49096774193548,7.41935483870968,0.235294117647059,9.94117647058824,2.70588235294118,0.271895424836601,0.0241830065359477
1994,4,8435,1862.66666666667,2097.86666666667,8149.66666666667,-1382.34364138415,4.31066666666667,4.83066666666667,99.898,100.926666666667,0.0625,10,65.6875,6.56875,0.00625
1994,5,8847.74193548387,1972.58064516129,2043.06451612903,7941.22580645161,-1441.64420687559,0,0,18.6638709677419,9.19354838709677,0,9.30769230769231,2.84615384615385,0.284615384615385,0
1994,6,8091,1108.66666666667,2120.3,3781.5,-1590.3477067554,0,0,0,0,0,10,0,0,0
1994,7,11863.8709677419,1135.38709677419,4517.25806451613,4494.64516129032,-3753.14483122845,0,0,0,0,NA,NA,NA,NA,NA
1994,8,12145.1612903226,867.161290322581,6253.83870967742,3334.64516129032,-5324.51612903226,0,0,0,0,NA,NA,NA,NA,NA
1994,9,14413.3333333333,869.033333333333,7499.06666666667,5505.93333333333,-6440.4553685338,0,0,0,0,0,10,0,0,0
1994,10,8255.16129032258,1369.54838709677,5485.48387096774,3217.1935483871,-4431.20971713537,0,0,0,0,0,10,0,0,0
1994,11,9488.66666666667,1287.66666666667,6228.26666666667,5356.16666666667,-5004,0,0,0,0,0,9.44444444444444,0,0,0
1994,12,16371.2903225806,1294.83870967742,7589.83870967742,9629.48387096774,-6092.56384345459,20.4754838709677,5.54838709677419,0,0,1.6,9.8,0.133333333333333,0.0133333333333333,0.16
1995,1,62209.6774193548,4599.35483870968,11766.5806451613,107487.483870968,-7492.90322580645,110.212903225806,29.8064516129032,0,0,2.92307692307692,8.61538461538461,0.153846153846154,0.0192307692307692,0.313461538461538
1995,2,58182.1428571429,6559.28571428571,8897.89285714286,72835.9642857143,-4271.60714285714,12.8135714285714,4,0.869642857142857,0.571428571428571,3.71428571428571,8.5,8.57142857142857,0.877551020408163,0.378061224489796
1995,3,71922.5806451613,14611.935483871,2985.1935483871,200644.903225806,5115.90322580645,0.603548387096774,0.129032258064516,7.65258064516129,10.8387096774194,2.85714285714286,9.35714285714286,19.8571428571429,2.12261904761905,0.31031746031746
1995,4,61436.6666666667,19933.3333333333,3603.83333333333,90836.9,6954.33333333333,4.795,6.4,162.095666666667,225.866666666667,0.166666666666667,9.72222222222222,38.5,3.94938271604938,0.0166666666666667
1995,5,63180.6451612903,22187.0967741935,4396.38709677419,98047.4838709677,7361.29032258064,0.308387096774194,0.387096774193548,522.428064516129,409.354838709677,0.0384615384615385,10.3846153846154,1.30769230769231,0.130769230769231,0.00384615384615385
1995,6,38956.6666666667,14101.3333333333,7686.26666666667,46754.0333333333,-241.05,0,0,290.098666666667,146.866666666667,0,10,0,0,0
1995,7,29232.2580645161,9881.29032258065,10674.1935483871,26789.2258064516,-4921.63410067246,0,0,0,0,0,9.91666666666667,0,0,0
1995,8,18716.1290322581,3924.83870967742,9463.90322580645,10875.7741935484,-6737.48570963027,0,0,0,0,0,10,0,0,0
1995,9,23270,4734.33333333333,7503.73333333333,19629.4,-4407.65748245757,0,0,0,0,0,10,0,0,0
1995,10,14145.1612903226,5691.93548387097,7445.77419354839,11371.3548387097,-3834.8064516129,0,0,0,0,0,10.4,0,0,0
1995,11,12610,2428.33333333333,5625.9,8383.36666666667,-3609.06806479916,0,0,0,0,0,9.57894736842105,0,0,0
1995,12,24570.9677419355,2250.32258064516,4522.77419354839,27709.0322580645,-2654.16014953596,0.755806451612903,1.16129032258065,0,0,3.33333333333333,9.74074074074074,2.37037037037037,0.288888888888889,0.382407407407407
1996,1,32867.7419354839,2430.64516129032,10092.3548387097,32144.3548387097,-7256.12903225806,56.7193548387097,16.1935483870968,0,0,6,9.85714285714286,2.0952380952381,0.215646258503401,0.604081632653061
1996,2,75272.4137931034,11472.7586206897,6656.96551724138,126912.482758621,142.137931034483,8.10655172413793,4.62068965517241,1.03655172413793,0.96551724137931,2.17647058823529,7.76470588235294,1.82352941176471,0.223856209150327,0.275326797385621
1996,3,56235.4838709677,15070.9677419355,3580.64516129032,89147.8064516129,4740.95625821878,10.038064516129,2.2258064516129,50.2325806451613,13.9032258064516,1.52941176470588,7.88235294117647,64.3529411764706,8.05987394957983,0.192226890756303
1996,4,35983.3333333333,7500.33333333333,4353.23333333333,42032.4,-368.306241235161,1.59233333333333,1.33333333333333,729.326,646.233333333333,0,11.2,64.0666666666667,4.92042989417989,0
1996,5,40112.9032258065,8421.61290322581,4929.51612903226,46021.0322580645,-1051.49989664024,0,0,409.727096774194,214.903225806452,0,10.1111111111111,4.14814814814815,0.381590413943355,0
1996,6,23533.3333333333,3738.66666666667,9812.56666666667,15269.7333333333,-7155.66666666667,0,0,22.769,9.23333333333333,0,9.27272727272727,0.0909090909090909,0.0454545454545455,0
1996,7,20683.8709677419,2209.35483870968,10824.3548387097,9156.09677419355,-9034.29510761828,0,0,0,0,0,9.46153846153846,0,0,0
1996,8,21303.2258064516,2033.87096774194,10939.8387096774,9592.25806451613,-8726.59269244997,0,0,0,0,0,9.69230769230769,0,0,0
1996,9,17600,2163.66666666667,10420.7333333333,7292.63333333333,-8174.84076789542,0,0,0,0,0,9.76923076923077,0,0,0
1996,10,12690.3225806452,2690.64516129032,9915.25806451613,4768.96774193548,-8124.05227027514,0,0,0,0,0,9.39130434782609,0,0,0
1996,11,15500,2715,10119.2333333333,10035.4333333333,-7870,0,0,0,0,0.478260869565217,9.69565217391304,0.0434782608695652,0.00434782608695652,0.053416149068323
1996,12,58419.3548387097,12191.6129032258,7778.41935483871,84409.8709677419,-1411.04838709677,3.73806451612903,1.16129032258065,0,0,1.5,8.61111111111111,5,0.549206349206349,0.175925925925926
1997,1,87109.6774193548,30377.4193548387,2742.22580645161,262461.483870968,22278.7639902118,0.143870967741935,0.032258064516129,0,0,1.8,7.4,0,0,0.295238095238095
1997,2,57328.5714285714,35057.1428571429,2356.39285714286,118675.892857143,20630.7142857143,0,0,1.62035714285714,0.75,1.73333333333333,9.2,1.2,0.155238095238095,0.180634920634921
1997,3,24467.7419354839,13034.5161290323,7068.77419354839,33774.8709677419,958.433421661899,12.9796774193548,10.8387096774194,489.976129032258,547.258064516129,1,9.07142857142857,7.71428571428571,0.825765306122449,0.105357142857143
1997,4,13493.3333333333,4728.33333333333,4741.53333333333,14212.8666666667,-3661.73333333333,3.56666666666667,0.788666666666667,1224.97566666667,818.236333333333,0,10.0555555555556,96.2222222222222,9.48939393939394,0
1997,5,11408.7096774194,4784.83870967742,3381.35483870968,12349.7419354839,-2312.61290322581,0,0,91.6541935483871,43.1396774193548,0,9.63157894736842,8.73684210526316,0.884210526315789,0
1997,6,15223.3333333333,2647,7415.63333333333,8306.66666666667,-6005.57451861424,0,0,0.781,1.2,0,10,0.0833333333333333,0.00833333333333333,0
1997,7,20838.7096774194,1755.8064516129,10047.1935483871,9383.09677419355,-8677.46787440527,0,0,0,0,0,10,0,0,0
1997,8,18716.1290322581,1874.51612903226,9207.96774193548,8717.83870967742,-7876.06977158103,0,0,0,0,0,9.8,0,0,0
1997,9,14000,2069.33333333333,10384.6666666667,3976.5,-8468.83011733248,0,0,0,0,0,9.77777777777778,0,0,0
1997,10,12009.0322580645,2705.8064516129,8825.8064516129,4842,-6009.60292574415,0,0,1.26967741935484,0.258064516129032,0,9.17647058823529,0,0,0
1997,11,14793.3333333333,1980.66666666667,9297.9,10013.5333333333,-6861.97618483934,0,0,0,0,1.44444444444444,9.11111111111111,0.111111111111111,0.0125,0.166666666666667
1997,12,22009.6774193548,2116.45161290323,11044.6129032258,14613.6774193548,-8471.61290322581,29.7058064516129,10.7096774193548,0,0,1.46153846153846,8.15384615384615,1.84615384615385,0.197688422688423,0.153613053613054
1998,1,51783.8709677419,6025.16129032258,7268,68871.4838709677,-3268.87741935484,12.8338709677419,5.2258064516129,0,0,3.7,6,0.4,0.0585714285714286,0.500357142857143
1998,2,81367.8571428571,28121.4285714286,3321,224704.035714286,13019.7142857143,0.927857142857143,1.28571428571429,0.296071428571429,0.428571428571429,0.6,5.2,0.4,0.0833333333333333,0.118571428571429
1998,3,63829.0322580645,19351.6129032258,2274.29032258065,104584.387096774,8189.35483870968,5.82193548387097,6.32258064516129,154.838709677419,235.096774193548,1.14285714285714,8.14285714285714,20,2.37431972789116,0.13500566893424
1998,4,57683.3333333333,21936.6666666667,1729.86666666667,88661.2333333333,9883.66666666667,0,0,238.440333333333,309.333333333333,0,9.91666666666667,29.75,2.97617845117845,0
1998,5,48251.6129032258,17948.3870967742,3544.22580645161,67140.3225806452,5840.96774193548,0,0,385.314838709677,435.903225806452,0,10,1.2,0.12,0
1998,6,55690,17760,5401.63333333333,71643.1666666667,3906.4,0,0,33.2443333333333,16.5333333333333,0,9.61538461538461,0.461538461538462,0.0461538461538462,0
1998,7,26796.7741935484,13192.9032258065,8088.06451612903,31360.1935483871,-897.429032258064,0,0,0,0,NA,NA,NA,NA,NA
1998,8,25177.4193548387,5441.93548387097,9301.54838709677,20010.2580645161,-5917.74193548387,0,0,0,0,NA,NA,NA,NA,NA
1998,9,25316.6666666667,5758.33333333333,9254.3,20116.7333333333,-5534.66666666667,0,0,0,0,0,9.42857142857143,0,0,0
1998,10,15758.064516129,6153.22580645161,9349.35483870968,12297.3870967742,-5418.38709677419,0,0,0,0,0.142857142857143,9.85714285714286,0,0,0.0142857142857143
1998,11,20920,3289.66666666667,4620.5,20569.7666666667,-2411.81666666667,0,0,0,0,4.66666666666667,9.53333333333333,0.0666666666666667,0.0133333333333333,0.513333333333333
1998,12,44374.1935483871,4330.96774193548,2348.58064516129,47241.2903225806,-138.431443640923,0,0,0,0,2.28571428571429,9.14285714285714,0.714285714285714,0.0786848072562358,0.185289115646258
1999,1,34503.2258064516,4730.32258064516,4602.29032258064,38021.7096774194,-1696.82258159183,0.551935483870968,0.451612903225806,0,0,3.6,9.4,0.733333333333333,0.0740740740740741,0.374074074074074
1999,2,67146.4285714286,11696.4285714286,5357.28571428571,98804.3571428571,1110.32392857143,2.10714285714286,3.03571428571429,3.36214285714286,2.64285714285714,0.642857142857143,8.5,2.14285714285714,0.255583900226757,0.0748866213151927
1999,3,56838.7096774194,8331.61290322581,7198.58064516129,69107.1290322581,-2141.97305382901,68.3135483870968,31.7741935483871,103.06,102.451612903226,0.333333333333333,8.88888888888889,2.77777777777778,0.305070546737213,0.0375661375661376
1999,4,30676.6666666667,6437,4918.53333333333,35493.8,-1645.9378083093,50.7146666666667,14.3333333333333,2589.88666666667,1142.48966666667,0.0454545454545455,10,15.4545454545455,1.54545454545455,0.00454545454545455
1999,5,19735.4838709677,5551.29032258064,3460.45161290323,22229.2903225806,-1062.42258064516,0,0,793.848709677419,293.751935483871,0,10.3,0.7,0.0676923076923077,0
1999,6,17236.6666666667,3015.66666666667,4784.76666666667,13768.4,-3821.18051117159,0,0,0.607,0.8,0,10,0,0,0
1999,7,22241.935483871,2093.87096774194,11028.1290322581,10579,-9310.56719635871,0,0,0,0,0,10,0,0,0
1999,8,18029.0322580645,1969.03225806452,11467.9032258065,6020.35483870968,-9896.12903225806,0,0,0,0,0,10,0,0,0
1999,9,15830,2037.33333333333,11463.3333333333,4831.6,-9534.66666666667,0,0,0,0,0,9.625,0,0,0
1999,10,12380.6451612903,2531.93548387097,9412.64516129032,4280.09677419355,-6778.82499259853,0,0,0,0,0,10,0,0,0
1999,11,13843.3333333333,2158,9519.16666666667,6804.16666666667,-7063.14084170426,0,0,0,0,0,9.45,0,0,0
1999,12,16548.3870967742,1688.38709677419,6427.32258064516,10467.2903225806,-5184.06243258837,0,0,0,0,0.0526315789473684,9.68421052631579,0,0,0.00526315789473684
2000,1,24338.7096774194,2136.12903225806,9885.64516129032,21545.5806451613,-7390.64516129032,27.868064516129,7.70967741935484,0,0,2.15789473684211,9.42105263157895,1,0.118045112781955,0.25281954887218
2000,2,62372.4137931034,7558.62068965517,11677,94092.275862069,-6536.62068965517,111.889655172414,33.3793103448276,9.11103448275862,4.68965517241379,2.2,9.3,1.2,0.124285714285714,0.235357142857143
2000,3,58561.2903225806,12097.7419354839,9118.58064516129,87838.3548387097,-2140.25161290323,47.48,18.1612903225806,228.874193548387,97.2903225806452,0.846153846153846,9.61538461538461,16.5384615384615,1.74615384615385,0.0846153846153846
2000,4,26640,5012.66666666667,5513.5,27294.3,-4253.6,8.266,5.53333333333333,2596.399,1262.43333333333,0,10.6666666666667,27,3.04850088183422,0
2000,5,20448.3870967742,4813.54838709677,3107.67741935484,22146.1290322581,-2210.18774193548,0,0,150.79,45.9677419354839,0,10,1.08333333333333,0.108333333333333,0
2000,6,16086.6666666667,2772.33333333333,7861.73333333333,8942.4,-6622,0,0,2.80866666666667,0.6,0,10,0,0,0
2000,7,20848.3870967742,1898.38709677419,10535.0967741935,9220.64516129032,-9283.87096774194,0,0,0,0,0,10,0,0,0
2000,8,17696.7741935484,2170.64516129032,11013.8709677419,6098.1935483871,-9410.32258064516,0,0,0,0,0,10,0,0,0
2000,9,15163.3333333333,2330,11084.7,4662.63333333333,-9156,0,0,0.868,0.2,0,10,0,0,0
2000,10,11683.8709677419,2826.12903225806,9397.70967741935,5736.58064516129,-7663.87096774194,0,0,0,0,0,10,0,0,0
2000,11,12283.3333333333,2525.66666666667,9451.1,4742.9,-8135,0,0,0,0,0,10,0,0,0
2000,12,13670.9677419355,2238.06451612903,8768.29032258065,5996.61290322581,-6679.51437581763,5.56806451612903,1.90322580645161,0,0,0.307692307692308,8.84615384615385,0,0,0.0307692307692308
2001,1,17190.3225806452,2441.61290322581,6718.96774193548,15211.4516129032,-4552.92742068266,15.7638709677419,7.06451612903226,0,0,4.14285714285714,9.64285714285714,0,0,0.414285714285714
2001,2,20867.8571428571,3092.14285714286,8371,19567.9285714286,-6080.71428571429,179.743928571429,69.9642857142857,0,0,5.1,9.3,3.4,0.34,0.51
2001,3,24696.7741935484,3430.32258064516,7945.22580645161,23427.3870967742,-5385.87216297377,456.586451612903,115.064516129032,231.891290322581,85.0322580645161,0.461538461538462,9.61538461538461,1.23076923076923,0.128296703296703,0.0494505494505495
2001,4,12306,3008,4283.4,12219.0666666667,-2997.96201275355,7.125,4.26666666666667,953.414,469.733333333333,0.0833333333333333,10,6,0.6,0.00833333333333333
2001,5,9060,3527.41935483871,1752.41935483871,9706.83870967742,-2119.144030989,0,0,157.332580645161,38.9032258064516,0,10,0.3,0.03,0
2001,6,12383.3333333333,1549,3768.36666666667,7509.2,-3818.9815348604,0,0,0,0,0,9.875,0,0,0
2001,7,14935.4838709677,1400,8166.16129032258,4722.77419354839,-8527.44262759805,0,0,0,0,0,9.83333333333333,0,0,0
2001,8,13219.3548387097,1329.67741935484,8389.09677419355,3226.83870967742,-8411.29032258065,0,0,0,0,0,9.54545454545454,0,0,0
2001,9,12360,1376,7828.8,4165.26666666667,-7682.33333333333,0,0,0,0,0.0909090909090909,9.81818181818182,0,0,0.00909090909090909
2001,10,8370.32258064516,2002.58064516129,4764.51612903226,4275.58064516129,-4820.4270582778,0,0,0,0,0,9.54545454545454,0,0,0
2001,11,12303,2096,7141.5,8213,-6458.26805330325,0,0,0,0,5.8,9.8,0.2,0.0222222222222222,0.627777777777778
2001,12,27377.4193548387,2063.54838709677,9876.35483870968,24737.2580645161,-8398.40898510438,43.3487096774194,13.0322580645161,0,0,3.81818181818182,9.90909090909091,1.09090909090909,0.109090909090909,0.383838383838384
2002,1,38270.9677419355,2661.61290322581,10839.2903225806,38731.4193548387,-8435.52542531191,16.1977419354839,5,0.675483870967742,1.16129032258065,4.91666666666667,9.16666666666667,0.666666666666667,0.0703703703703704,0.503472222222222
2002,2,18175,1897.5,8769.28571428571,12029.6785714286,-7423.99260259028,6.69928571428571,2.60714285714286,0.271785714285714,0.428571428571429,1.72727272727273,10,3.45454545454545,0.345454545454545,0.172727272727273
2002,3,21322.5806451613,2133.54838709677,8280.54838709677,16982.1290322581,-6737.75222583833,33.7554838709677,22.1290322580645,36.0951612903226,34.2258064516129,0,9.53846153846154,2.23076923076923,0.223076923076923,0
2002,4,14476.6666666667,2598.33333333333,4561.1,11943.2333333333,-4786.12259962896,8.373,4.13333333333333,262.467333333333,223.1,0,10,9.53846153846154,0.953846153846154,0
2002,5,12969.0322580645,2738.70967741935,1727.51612903226,13554.2258064516,-2197.03134318558,0,0,37.6335483870968,11.3225806451613,0,10,0.222222222222222,0.0222222222222222,0
2002,6,13893.3333333333,1407,5308.93333333333,7461.76666666667,-5440.66208327639,0,0,0.607,0.8,0,8.85714285714286,0,0,0
2002,7,18900,1227.41935483871,11024.1935483871,5731.83870967742,-10344.9839099768,0,0,0,0,0,10,0,0,0
2002,8,17016.1290322581,1116.45161290323,11376.7419354839,3848.58064516129,-10616.1919286861,0,0,0,0,0,10,0,0,0
2002,9,13563.3333333333,1175.03333333333,8648.56666666667,4168.93333333333,-8305.82051126619,0,0,0,0,0,9.3,0,0,0
2002,10,9891.29032258065,1704.83870967742,5980.74193548387,4203.25806451613,-6017.59316439355,0,0,0,0,0,10,0,0,0
2002,11,11746.3333333333,1714.66666666667,6943.23333333333,7333.1,-6171.92999072673,0,0,0,0,0.0909090909090909,10,0,0,0.00909090909090909
2002,12,29130,1988.38709677419,7580.48387096774,28885.8064516129,-6229.99360257538,40.6509677419355,11.8709677419355,0,0,11.3333333333333,10.4166666666667,3.58333333333333,0.527083333333333,0.828472222222222
2003,1,51935.4838709677,1912.90322580645,10255.2580645161,51440.935483871,-8547.1139522796,52.0464516129032,15.5806451612903,1.48645161290323,1.35483870967742,5.63636363636364,9.81818181818182,2.72727272727273,0.279545454545455,0.572727272727273
2003,2,36085.7142857143,1878.92857142857,10945.3928571429,29622.8571428571,-9197.57201905805,50.4153571428571,18.0714285714286,1.13714285714286,0.642857142857143,2.22222222222222,10,10.6666666666667,1.06666666666667,0.222222222222222
2003,3,22922.5806451613,2193.22580645161,10855.9677419355,15779.6129032258,-8702.27749077258,74.6316129032258,26.8387096774194,367.672903225806,159.387096774194,0.538461538461538,10,15.6923076923077,1.56923076923077,0.0538461538461538
2003,4,21586.6666666667,2667.66666666667,4784.46666666667,22053.8666666667,-4387.09679058066,6.221,1.73333333333333,886.756666666667,331.666666666667,0,9.84615384615385,53.3846153846154,5.34230769230769,0
2003,5,40538.7096774194,2625.16129032258,2765.87096774194,41937.7419354839,-2793.74784693822,0.751612903225806,0.774193548387097,74.3190322580645,24.3548387096774,0,12.6,2.3,0.175,0
2003,6,22276.6666666667,2033.66666666667,10694.7333333333,11802,-10009.9347339223,0.260333333333333,0.4,0,0,0,8.77777777777778,0,0,0
2003,7,22429.0322580645,1320.64516129032,11270.3225806452,9703.16129032258,-10131.8683188045,0,0,0,0,0,9.36363636363636,0,0,0
2003,8,19583.8709677419,1280.64516129032,11613.7419354839,6928.22580645161,-10573.1177139499,0,0,0,0,0,9.33333333333333,0,0,0
2003,9,15346.6666666667,1308.33333333333,11295.9666666667,3486.6,-10550.1374645215,0,0,0,0,0,9.63636363636364,0,0,0
2003,10,11004.8387096774,1999.03225806452,7312.45161290323,4304.67741935484,-7368.96413408827,0,0,0,0,0,9.76923076923077,0,0,0
2003,11,12450,1647,8260.16666666667,6625.46666666667,-6451.69102963385,0,0,0,0,0,10,0,0,0
2003,12,27787.0967741935,1502.58064516129,8533.54838709677,23855.6451612903,-6399.53934917342,2.69516129032258,1.93548387096774,0,0,7.64285714285714,10.3571428571429,4,0.641666666666667,0.724933451641526
2004,1,36767.7419354839,1791.93548387097,11420.1935483871,32138.1935483871,-9354.4970181188,20.6912903225806,8.12903225806452,0.793548387096774,0.193548387096774,3.08333333333333,9.91666666666667,0.5,0.05,0.308333333333333
2004,2,44420.6896551724,2201.37931034483,10577.1034482759,68091.275862069,-8238.26650217056,93.2086206896552,33.7241379310345,1.71448275862069,0.413793103448276,1.09090909090909,9.63636363636364,2.54545454545455,0.258264462809917,0.113636363636364
2004,3,46706.4516129032,3360.64516129032,11109.6451612903,56299.5483870968,-6626.83199701004,138.485161290323,46,139.409677419355,62.6451612903226,0.0714285714285714,9.5,3.92857142857143,0.408531746031746,0.00714285714285714
2004,4,23793.3333333333,2750.66666666667,4459.03333333333,22006.5,-3860.38065346091,0.924666666666667,0.2,192.112,75.6,0,9.66666666666667,15.4166666666667,1.56458333333333,0
2004,5,12532.2580645161,2646.77419354839,1920.58064516129,12425.5161290323,-1661.21775570919,0.98,0.193548387096774,26.6361290322581,9.87096774193548,0,9.5,1.625,0.1625,0
2004,6,15130,1403.66666666667,5720.2,5726.63333333333,-6233.64508960928,0,0,0,0,0,9.875,0,0,0
2004,7,20441.935483871,1146.61290322581,11138.2580645161,7378.16129032258,-9427.97898789382,0,0,0,0,0,9.5,0,0,0
2004,8,17916.1290322581,1125.29032258065,11439.6774193548,5252.51612903226,NA,0,0,0,0,0,9.53846153846154,0,0,0
2004,9,14610,1120.66666666667,9633.33333333333,4700.96666666667,-9405.80924518797,0,0,0,0,0,9.66666666666667,0,0,0
2004,10,12606.4516129032,1752.90322580645,7337.58064516129,8517.38709677419,-7134.66213557204,0,0,0,0,0,9.75,0,0,0
2004,11,12250,1631.66666666667,8278.46666666667,6708.16666666667,-6803.45094723329,0,0,0,0,0.461538461538462,9.92307692307692,0,0,0.0461538461538462
2004,12,17745.1612903226,1578.06451612903,8144.16129032258,12451.1935483871,-6610.98473648327,0,0,0,0,5.35714285714286,11.0714285714286,0.928571428571429,0.0959183673469388,0.41530612244898
2005,1,33680.6451612903,4918.06451612903,12152.6451612903,33624,-7561.70711269902,9.30967741935484,3.7741935483871,0,0,5.91666666666667,9.91666666666667,0.416666666666667,0.0416666666666667,0.591666666666667
2005,2,24875,5303.21428571429,9033.14285714286,24932.9285714286,-4883.49844380525,13.8878571428571,4.08928571428571,0.88,0.214285714285714,3.08333333333333,10,6.66666666666667,0.666666666666667,0.308333333333333
2005,3,30367.7419354839,8064.83870967742,7052.1935483871,38557.9677419355,-1907.32286672949,17.5887096774194,6.58064516129032,103.555161290323,98.3870967741936,0.384615384615385,10,6.76923076923077,0.676923076923077,0.0384615384615385
2005,4,22133.3333333333,10060.6666666667,6137.23333333333,29903.0333333333,-211.669619104116,5.01366666666667,1.1,550.111333333333,285.133333333333,0.0666666666666667,14.4,28.3333333333333,2.7675873015873,0.00666666666666667
2005,5,40219.3548387097,10411.2903225806,3290.12903225806,50999.1612903226,1920.03290788833,0,0,230.084193548387,94.4838709677419,0,9.88888888888889,3.22222222222222,0.338271604938272,0
2005,6,28653.3333333333,9979,10188.4333333333,27968.0666666667,-4438.16109794646,0,0,14.9466666666667,5.16666666666667,0,10,0,0,0
2005,7,19667.7419354839,4155.48387096774,11924.1935483871,9441.06451612903,-9189.29667731071,0,0,0,0,0,10,0,0,0
2005,8,17245.1612903226,2615.48387096774,11918.7419354839,5632.1935483871,-10041.0438890095,0,0,0,0,0,9.92857142857143,0,0,0
2005,9,17933.3333333333,2412,11810.9333333333,7051,-9803.20281645783,0,0,0,0,0,9.83333333333333,0,0,0
2005,10,14074.1935483871,2618.70967741935,10925.2258064516,4467.1935483871,-10124.8387096774,0,0,0,0,0,10,0,0,0
2005,11,13386.6666666667,2038.33333333333,9727.93333333333,5008.66666666667,-8316.33333333333,0,0,0,0,2.30769230769231,10,0,0,0.230769230769231
2005,12,35458.064516129,3521.29032258065,10886.9032258065,42829,-8057.41935483871,5.83645161290323,2.32258064516129,0,0,4.1,9.5,2.8,0.37,0.44
2006,1,66151.6129032258,13171.2903225806,7249.67741935484,145921.064516129,-47.79420708239,4.30709677419355,1.32258064516129,0,0,2,8.45454545454546,5.81818181818182,0.660678210678211,0.218867243867244
2006,2,48921.4285714286,6457.5,9421.78571428571,52129.1071428571,-4982.24132459598,26.5078571428571,12.6428571428571,3.69,2.35714285714286,2.72727272727273,9.27272727272727,7.09090909090909,0.802020202020202,0.280555555555556
2006,3,67412.9032258065,11704.8387096774,6085,115393.322580645,551.392580645161,40.9512903225806,15.4838709677419,33.1235483870968,13.7096774193548,1.10714285714286,9.14285714285714,9.03571428571429,0.974007936507936,0.126587301587302
2006,4,77646.6666666667,27936.6666666667,3554.83333333333,179437.633333333,12837,8.26333333333333,1.83333333333333,277.168666666667,75.9333333333333,0,9.45454545454546,18.1818181818182,1.975,0
2006,5,52145.1612903226,26054.8387096774,4064.48387096774,81325.8064516129,11486.1290322581,0.878064516129032,0.193548387096774,98.361935483871,85.2258064516129,0,12.5,12.5833333333333,1.19038461538462,0
2006,6,27210,15690,7403.8,35325.2,1120.92893826339,0,0,16.9233333333333,13.7,0,9.88888888888889,0,0,0
2006,7,18587.0967741935,5546.77419354839,11617.6129032258,10261.2903225806,-8095.4372047694,0,0,0,0,0,10.0769230769231,0,0,0
2006,8,18864.5161290323,3697.09677419355,11903.1612903226,8175.87096774194,-9957.41935483871,0,0,0,0,0,10,0,0,0
2006,9,18010,3316,11819.6333333333,7920.16666666667,-9829.66666666667,0,0,0,0,0,10,0,0,0
2006,10,11721.6129032258,3850.64516129032,10595.1935483871,3987.54838709677,-7854.1935483871,0,0,0,0,0,9.61538461538461,0,0,0
2006,11,12146.6666666667,2538,9631.8,5230.6,-7113.66666666667,0,0,0,0,0.153846153846154,9.61538461538461,0,0,0.0153846153846154
2006,12,16951.6129032258,2354.1935483871,10833.2258064516,9019.35483870968,-8007.41935483871,1.68096774193548,2.03225806451613,0,0,4.25,12.75,0,0,0.364688940092166
2007,1,13822.5806451613,2587.09677419355,7891.96774193548,8242.70967741935,-5045.93548387097,5.37354838709677,5.51612903225806,0,0,10.2666666666667,12.2,0,0,0.324303350970018
2007,2,22700,2533.57142857143,6979.42857142857,21234.4285714286,-4075.96428571429,26.6667857142857,26.2142857142857,0,0,5,9.83333333333333,2.58333333333333,0.260416666666667,0.5
2007,3,18322.5806451613,2554.83870967742,7282.03225806452,14003.9677419355,-4585.96774193548,61.6945161290323,52.1935483870968,5.82032258064516,4.64516129032258,0,10,1,0.1,0
2007,4,13631,2225.33333333333,4878.5,11306.2333333333,-3618.43333333333,10.0666666666667,5.93333333333333,155.564,104.1,0,13.1666666666667,23.25,1.3603483171418,0
2007,5,9362.58064516129,2898.06451612903,1661.38709677419,9379.8064516129,-1297.04193548387,0,0,11.7716129032258,3.58064516129032,0,15.2857142857143,33.4285714285714,1.4037784679089,0
2007,6,12290.3333333333,1745,3451.63333333333,7846.5,-2434.07666666667,0,0,0,0,0,10,0,0,0
2007,7,19064.5161290323,1137.74193548387,11460.4516129032,5360.8064516129,-10425.4838709677,0,0,0,0,0,9.91666666666667,0,0,0
2007,8,17122.5806451613,1007.58064516129,11466.8064516129,3737.12903225806,-10172.5806451613,0,0,0,0,0,10,0,0,0
2007,9,15196.6666666667,1014.06666666667,9873.93333333333,4517.16666666667,-8890.33333333333,0,0,0,0,0,10,0,0,0
2007,10,10541.935483871,1569.67741935484,7600.32258064516,3683,-6545.48387096774,0,0,0,0,0,10,0,0,0
2007,11,10005,1710.66666666667,6639.03333333333,4290.9,-5033.4,0,0,0,0,0,9.84615384615385,0,0,0
2007,12,12121.2903225806,1502.58064516129,6728.22580645161,7185.58064516129,-5078.7064516129,0,0,0,0,0,10,0,0,0
2008,1,22480.6451612903,2319.35483870968,6132.45161290323,24560.064516129,-3702.27419354839,5.30387096774194,2.48387096774194,0,0,5.16666666666667,9.5,0.75,0.0854166666666667,0.575
2008,2,26306.8965517241,2369.31034482759,7035.27586206897,24128.1724137931,-4226.20689655172,15.9527586206897,8.45965517241379,0,0,0.846153846153846,9.84615384615385,1.69230769230769,0.173076923076923,0.0846153846153846
2008,3,13703.2258064516,2115.48387096774,3591.83870967742,12220.1935483871,-1937.03548387097,20.1677419354839,10.508064516129,8.28645161290323,5.37096774193548,0.0769230769230769,10,0.153846153846154,0.0153846153846154,0.00769230769230769
2008,4,10192.3333333333,2408.66666666667,2430.93333333333,9540,-1151.13033333333,1.32866666666667,0.4,225.916333333333,102.705666666667,0,10,7.07692307692308,0.707692307692308,0
2008,5,8788.38709677419,2755.48387096774,2077.67741935484,8214.83870967742,-903.558064516129,0,0,150.010322580645,59.0967741935484,0,9.375,1.125,0.1125,0
2008,6,11310.3333333333,1032.86666666667,2277.43333333333,7332.4,-2193.29333333333,0,0,2.87866666666667,0.666666666666667,0,9.66666666666667,0,0,0
2008,7,12519.3548387097,863.838709677419,6340.70967741936,3674.38709677419,-6231.61290322581,0,0,0,0,0,10,0,0,0
2008,8,10816.1290322581,868.709677419355,5700.51612903226,3074.03225806452,-5657.41935483871,0,0,0,0,0,10,0,0,0
2008,9,10332.6666666667,901.533333333333,5185.76666666667,4071.66666666667,-4878.33333333333,0,0,0,0,0,9.84615384615385,0,0,0
2008,10,7767.41935483871,1234.70967741935,4585.16129032258,3186.09677419355,-3995.8064516129,0,0,0,0,0,9.91666666666667,0,0,0
2008,11,9739.66666666667,1140,5183.56666666667,5817.73333333333,-4062.53333333333,0,0,0,0,0.0909090909090909,9.36363636363636,0,0,0.00909090909090909
2008,12,8873.22580645161,1128.06451612903,2841.87096774194,7113.41935483871,-1729.89544267202,0.255483870967742,0.290322580645161,0,0,0.272727272727273,9.09090909090909,0,0,0.0272727272727273
2009,1,9142.58064516129,1104.96774193548,4592.32258064516,6306.09677419355,-3389.25806451613,0.616774193548387,0.774193548387097,0,0,0.461538461538462,10,0,0,0.0461538461538462
2009,2,20469.2857142857,1427.5,4026.17857142857,22752.6428571429,-2531.83535714286,2.795,1.82142857142857,0,0,1.41666666666667,9.91666666666667,0.75,0.0759259259259259,0.142592592592593
2009,3,22619.3548387097,1422.25806451613,5885.54838709677,19926.8709677419,-4313.58064516129,44.781935483871,15.8064516129032,10.5829032258065,12.3654838709677,0,9.46153846153846,0.153846153846154,0.0153846153846154,0
2009,4,13603.3333333333,1516,2826.33333333333,12039.7666666667,-2030.99,0.708333333333333,0.266666666666667,196.893666666667,104.839,0,14.3333333333333,28.4666666666667,1.66393985942373,0
2009,5,16374.1935483871,2129.67741935484,2389.70967741935,15884.9677419355,-1529.85806451613,0,0,83.9212903225806,38.6129032258064,0,12.8,8.08588235294118,0.517745098039216,0
2009,6,11953.3333333333,1098.63333333333,2386.3,8064.63333333333,-2569.96666666667,0,0,0.129333333333333,0.133333333333333,0,9.28571428571429,0,0,0
2009,7,18622.5806451613,606.032258064516,10629,5214.25806451613,-10363.8709677419,0,0,0,0,0,9.53846153846154,0,0,0
2009,8,15093.5483870968,608.709677419355,8511.51612903226,4238.12903225806,-8666.45161290323,0,0,0,0,0,10,0,0,0
2009,9,11450,947.666666666667,6824.6,3887.03333333333,-6449,0,0,0,0,0,9.76923076923077,0,0,0
2009,10,9780.96774193548,1844.51612903226,6222.64516129032,6365.03225806452,-4777.32258064516,0,0,0,0,0.25,9.75,0,0,0.025
2009,11,9007.66666666667,1393.66666666667,4597.1,4654.4,-2635.06666666667,0,0,0,0,0.153846153846154,9.61538461538461,0,0,0.0153846153846154
2009,12,10611.935483871,1318.70967741935,5638.48387096774,6370.77419354839,-3923.48387096774,0.0970967741935484,0.129032258064516,0,0,0.0769230769230769,9.61538461538461,0,0,0.00769230769230769
2010,1,26808.7096774194,1955.16129032258,5727.22580645161,26955,-3570.46451612903,4.94322580645161,1.67741935483871,0,0,0.375,9.875,0,0,0.0375
2010,2,28992.8571428571,2425.71428571429,6983.39285714286,29982.1428571429,-4315.71428571429,15.2717857142857,11.7678571428571,0,0,1.91666666666667,9.41666666666667,0.25,0.0259259259259259,0.206878306878307
2010,3,19745.1612903226,2934.1935483871,7180.48387096774,17121.4838709677,-4216.09677419355,33.1164516129032,20.9516129032258,11.5258064516129,6.83870967741935,0.785714285714286,10,1.07142857142857,0.107142857142857,0.0785714285714286
2010,4,18833.3333333333,4277,1558.46666666667,24604.4666666667,1382.68066666667,1.523,0.966666666666667,76.6983333333333,58.8333333333333,0,9.46153846153846,23,2.33076923076923,0
2010,5,17280.6451612903,5065.48387096774,2475.45161290323,20681.7419354839,543.01935483871,0,0,105.309677419355,64.9032258064516,0,10,0.625,0.0625,0
2010,6,20940,4000.33333333333,6932.93333333333,16524.9666666667,-4643.43233734207,0,0,5.32733333333333,2.63333333333333,0,9.66666666666667,0,0,0
2010,7,17416.1290322581,1932.58064516129,9961.83870967742,6700.83870967742,-9176.12903225806,0,0,0,0,0,10,0,0,0
2010,8,16709.6774193548,1288.06451612903,11147.3225806452,4003.93548387097,-10668.7096774194,0,0,0,0,0,9.84615384615385,0,0,0
2010,9,16580,1842.33333333333,10648.2666666667,5885.26666666667,-9671,0,0,0,0,0,9.53846153846154,0,0,0
2010,10,12005.1612903226,2390.32258064516,9410.83870967742,5473.25806451613,-7527.55290658579,0,0,0,0,0.230769230769231,9.15384615384615,0,0,0.0230769230769231
2010,11,13043.3333333333,1901.66666666667,9249.1,7020.86666666667,-6623.23296782135,0,0,0,0,0,9.53846153846154,0,0,0
2010,12,45700,6942.25806451613,11030.7096774194,48138.064516129,-6783.85005478647,7.87258064516129,6.04838709677419,0,0,1,8.08333333333333,2.83333333333333,0.412037037037037,0.137367724867725
2011,1,34964.5161290323,11793.5483870968,10768.5806451613,39475.7741935484,-4481.96774193548,20.9935483870968,8.03774193548387,0.759032258064516,0.516129032258065,0.166666666666667,9.33333333333333,0.833333333333333,0.0833333333333333,0.0166666666666667
2011,2,24575,8698.92857142857,9008,28251,-4082.21428571429,47.4303571428571,14.6192857142857,0,0,0.25,9.66666666666667,1.75,0.182142857142857,0.025
2011,3,57983.8709677419,13637.0967741935,6434.25806451613,104134.741935484,253.645161290323,67.1058064516129,27.1125806451613,24.1032258064516,8.80645161290323,0,9.5,1,0.105654761904762,0
2011,4,53733.3333333333,26383.3333333333,6231.1,85043.3333333333,7657,1.89066666666667,0.533333333333333,528.473,147.991333333333,0,9.15384615384615,23.2307692307692,2.97179487179487,0
2011,5,35580.6451612903,12648.3870967742,3569.45161290323,47059.1290322581,2617.87096774194,0,0,1015.91451612903,368.430322580645,0,9.77777777777778,0.888888888888889,0.0888888888888889,0
2011,6,40506.6666666667,10658,10000.2,42036.8666666667,-4663.66666666667,0,0,146.204333333333,50.1166666666667,0,10,0,0,0
2011,7,21632.2580645161,8586.12903225806,11666.7419354839,17654.5161290323,-7615.8064516129,0,0,0,0,0,10,0,0,0
2011,8,17190.3225806452,5390.64516129032,11698,8863.32258064516,-9405.48387096774,0,0,0,0,0,10,0,0,0
2011,9,21046.6666666667,4272,11616,12205.8,-9381,0,0,0,0,0,9.61538461538461,0,0,0
2011,10,17654.8387096774,5027.09677419355,10812.1290322581,12077.2903225806,-7780.64516129032,0,0,0,0,0,9.91666666666667,0,0,0
2011,11,12710,2755.33333333333,7222.3,8269.4,-5112.76666666667,0,0,0,0,0,9.38461538461539,0,0,0
2011,12,14480.6451612903,1816.45161290323,9452.45161290323,5372.70967741936,-7651.61290322581,0,0,0,0,0,9.07692307692308,0,0,0
2012,1,15003.2258064516,1821.29032258065,6125.09677419355,11417.3870967742,-4850.96774193548,0.373548387096774,0.532258064516129,0,0,2.23076923076923,10,0.0769230769230769,0.00769230769230769,0.223076923076923
2012,2,13227.5862068966,1584.48275862069,3923.37931034483,10796.8620689655,-2799.68965517241,9.87344827586207,3.13206896551724,0,0,0.153846153846154,9.84615384615385,0.0769230769230769,0.00769230769230769,0.0153846153846154
2012,3,19610.6451612903,1615.48387096774,3543.29032258065,20114.4193548387,-2415.8064516129,52.3925806451613,21.8441935483871,19.4890322580645,7.87096774193548,0.333333333333333,9.58333333333333,14.6666666666667,1.64166666666667,0.0333333333333333
2012,4,25670,2499,2312.9,27781.9333333333,-1904.33333333333,3.30166666666667,1.46666666666667,50.922,23.4666666666667,0,10,17.9166666666667,1.79166666666667,0
2012,5,14042.2580645161,2992.25806451613,3398.09677419355,12492.8064516129,-3486,1.87225806451613,0.387096774193548,8.36838709677419,3.58064516129032,0,10,0.7,0.07,0
2012,6,13500.6666666667,1592.33333333333,4105.6,8305.76666666667,-4023.86666666667,0,0,0.106333333333333,0.133333333333333,0,10,0,0,0
2012,7,20283.8709677419,951.903225806452,10353.1935483871,7534.70967741936,-10050.9677419355,0,0,0,0,0,10,0,0,0
2012,8,17877.4193548387,777.645161290323,11131.5161290323,4641.41935483871,-10668.7096774194,0,0,0,0,0,10,0,0,0
2012,9,15350,956.166666666667,9468.33333333333,4886.8,-8451,0,0,0,0,0,10,0,0,0
2012,10,11451.6129032258,1789.29032258065,7882.67741935484,4476.90322580645,-6390,0,0,0,0,0,10,0,0,0
2012,11,11910.3333333333,1294.66666666667,7153.86666666667,6291.7,-5550.7,0,0,0,0,4.63636363636364,10,0,0,0.463636363636364
2012,12,45996.7741935484,1960.64516129032,7270.32258064516,48250.8709677419,-5041.73032258065,7.69645161290323,2.25806451612903,0,0,3.33333333333333,9.33333333333333,0.916666666666667,0.119444444444444,0.344675925925926
2013,1,23719.3548387097,1838.70967741935,4588.83870967742,22289.4516129032,-2571.47806451613,2.14935483870968,0.580645161290323,0,0,0.0769230769230769,10,0.0769230769230769,0.00769230769230769,0.00769230769230769
2013,2,15878.5714285714,2230.35714285714,4563.10714285714,13428.8214285714,-2591.39392857143,0.241785714285714,0.303571428571429,0,0,0,9.75,0,0,0
2013,3,13435.4838709677,1509.67741935484,5284.35483870968,9626.90322580645,-4001.54838709677,12.8735483870968,5.35483870967742,10.6825806451613,4.58064516129032,0,10,0,0,0
2013,4,12397.6666666667,2162,1893.33333333333,12865.7,-549.743333333333,0.688333333333333,0.266666666666667,49.5383333333333,15.2333333333333,0,9.92307692307692,52,5.2008547008547,0
2013,5,11377.7419354839,2318.48387096774,2261.67741935484,10067.8709677419,-1113.2935483871,0,0,21.8922580645161,10,0,10,0.555555555555556,0.0555555555555556,0
2013,6,13203.3333333333,737.4,3286.93333333333,7902.03333333333,-3078.63333333333,0,0,0,0,0,10,0,0,0
2013,7,17487.0967741935,576.032258064516,9270,5443.54838709677,-9149.67741935484,0,0,0,0,0,10,0,0,0
2013,8,17606.4516129032,525.258064516129,10044.3870967742,5083.67741935484,-9946.77419354839,0,0,0,0,0,9.69230769230769,0,0,0
2013,9,13480,849.066666666667,7019.9,5591.76666666667,-6561.33333333333,0,0,0,0,0,10,0,0,0
2013,10,7974.83870967742,1439.38709677419,3702.87096774194,4273.51612903226,-3143.16129032258,0,0,0,0,0,10,0,0,0
2013,11,8783.33333333333,1087.13333333333,3876.6,5567.96666666667,-2926.65,0,0,0,0,0,9.84615384615385,0,0,0
2013,12,8204.83870967742,935.387096774194,2802.96774193548,4951.1935483871,-2084.54838709677,0,0,0,0,0,9.92307692307692,0,0,0
2014,1,6329.03225806452,789.096774193548,1613.29032258065,4780.41935483871,-1401.64838709677,0,0,0,0,0,10.1428571428571,0,0,0
2014,2,10736.7857142857,821.892857142857,2651.42857142857,11061.0357142857,-2077.98571428571,0,0,0,0,2.56,10,4.64,0.464,0.256
2014,3,14774.8387096774,847.193548387097,4383.74193548387,12723.1290322581,-3646.96774193548,9.65032258064516,5.04838709677419,2.47709677419355,2.16129032258065,0.538461538461538,10,14.3846153846154,1.43846153846154,0.0538461538461538
2014,4,9636.66666666667,1778.73333333333,3966.66666666667,7912.73333333333,-3464.36666666667,0.767666666666667,1.16666666666667,8.65533333333333,13.3553333333333,0.0769230769230769,10,51.3076923076923,5.13076923076923,0.00769230769230769
2014,5,5749.67741935484,1534.38709677419,1663.87096774194,4174.38709677419,-1826.43791123156,0,0,0.405161290322581,0.516129032258065,0,10,0.666666666666667,0.0666666666666667,0
2014,6,8900,325.333333333333,1156.6,5406.03333333333,-1822.2,0,0,0,0,0,10,0,0,0
2014,7,9144.1935483871,281.225806451613,1995.51612903226,4084.96774193548,-2716.59980094388,0,0,0,0,0,10,0,0,0
2014,8,8543.54838709677,279.806451612903,2380.51612903226,3418.61290322581,-2956.54838709677,0,0,0,0,0,10.0769230769231,0,0,0
2014,9,8254.33333333333,324.866666666667,3605.13333333333,3201.06666666667,-3912.66666666667,0,0,0,0,0,10,0,0,0
2014,10,6324.51612903226,537.967741935484,1290.38709677419,4720.61290322581,-1235.05641660325,0,0,0,0,0,9.78571428571429,0,0,0
2014,11,7596.66666666667,956.266666666667,2980.76666666667,5433.7,-2368.86293968455,0,0,0,0,0.166666666666667,10,0,0,0.0166666666666667
2014,12,33066.1290322581,1212.32258064516,6492.54838709677,33506.935483871,-4891.87096774194,1.40967741935484,0.645161290322581,0,0,2.23076923076923,9.84615384615385,1.61538461538462,0.161538461538462,0.223076923076923
2015,1,10733.2258064516,884.41935483871,5236.74193548387,6051.35483870968,-4155.29032258064,1.2741935483871,0.903225806451613,0,0,0,10,0.153846153846154,0.0153846153846154,0
2015,2,17869.2857142857,912.071428571429,5027.78571428571,16257.5357142857,-4042.82142857143,0.656071428571429,0.142857142857143,0,0,6.5,10,1.41666666666667,0.141666666666667,0.65
2015,3,7972.90322580645,638.483870967742,3204.16129032258,5988.74193548387,-2627.38750596361,0.139677419354839,0.032258064516129,0.296451612903226,0.338709677419355,0.0769230769230769,10,0.615384615384615,0.0615384615384615,0.00769230769230769
2015,4,6341.33333333333,874.8,1676.4,6818.26666666667,-1469.46666666667,0,0,1.75433333333333,1.13333333333333,0,10,6.07692307692308,0.607692307692308,0
2015,5,7320.32258064516,338.903225806452,1002.29032258065,5908.90322580645,-1321.12903225806,0,0,0.264838709677419,0.161290322580645,0,10,0,0,0
2015,6,6886,191.233333333333,896.933333333333,4796.46666666667,-1525.23333333333,0,0,0,0,0,9.77777777777778,0,0,0
2015,7,7886.12903225806,121.903225806452,749.870967741935,4763.58064516129,-1652.35483870968,0,0,0,0,0,10,0,0,0
2015,8,7779.67741935484,149.967741935484,1433.45161290323,4470.06451612903,-2197.89299184291,0,0,0,0,0,9.92307692307692,0,0,0
2015,9,7901,212.666666666667,2289.3,4825.73333333333,-2986.02213588623,0,0,0,0,0,10,0,0,0
2015,10,7004.83870967742,515.935483870968,1519.61290322581,4737.58064516129,-1617.84835316602,0,0,0,0,0,10,0,0,0
2015,11,6122,892.166666666667,2283.1,4769.06666666667,-1679.839,0,0,0,0,0.0769230769230769,9.92307692307692,0,0,0.00769230769230769
2015,12,10542.2580645161,773.483870967742,2445.8064516129,9248.61290322581,-1790.48730157391,0.279354838709677,0.0645161290322581,0,0,0.75,10,0,0,0.075
2016,1,27404.1935483871,1622.83870967742,4612,27636.2258064516,-3201.47297632579,0.855806451612903,0.516129032258065,0,0,0.0909090909090909,10,0.272727272727273,0.0272727272727273,0.00909090909090909
2016,2,21165.5172413793,1048.89655172414,5158.44827586207,17844.3448275862,-4032.51724137931,0.533103448275862,0.344827586206897,0.357931034482759,0.551724137931034,0,9.30769230769231,0.153846153846154,0.0153846153846154,0
2016,3,53790.3225806452,1992.74193548387,5837.54838709677,63654.3548387097,-4465.16129032258,0.185806451612903,0.258064516129032,3.14645161290323,1.61290322580645,0.166666666666667,8.83333333333333,6.25,0.767460317460317,0.0166666666666667
2016,4,19436.6666666667,1765.86666666667,2059.33333333333,20873.9,-1808.52333333333,0,0,3.12666666666667,1.46666666666667,0,9.61538461538461,19,1.88741258741259,0
2016,5,13329.0322580645,1957.41935483871,2370.16129032258,12154.1290322581,-2399.74193548387,0,0,3.01774193548387,1.41935483870968,0,10,0.153846153846154,0.0153846153846154,0
2016,6,13840,609.5,4791.13333333333,7049.03333333333,-5164.6,0,0,0,0,0,9.92307692307692,0,0,0
2016,7,18441.935483871,311.967741935484,7254.87096774194,8252.03225806452,-7759.16129032258,0,0,0,0,0,10,0,0,0
2016,8,18851.6129032258,285.322580645161,9946.25806451613,6195.1935483871,-10071.2903225806,0,0,0,0,0,10,0,0,0
2016,9,16630,282.566666666667,9730.4,5189.76666666667,-9799.66666666667,0,0,0,0,0,10.0769230769231,0,0,0
2016,10,11633.8709677419,1232.83870967742,6896.8064516129,7614.93548387097,-6607.74193548387,0,0,0,0,0,10.0714285714286,0,0,0
2016,11,15056.6666666667,1147.13333333333,7684.06666666667,8668.96666666667,-6737.45321841602,0,0,0,0,0,10,0.0769230769230769,0.00769230769230769,0
2016,12,39925.8064516129,1063.54838709677,8560.35483870968,35362.4516129032,-7437.09677419355,0.745806451612903,0.387096774193548,0,0,0.769230769230769,10,0.615384615384615,0.0615384615384615,0.0769230769230769
2017,1,67500,13347.0322580645,11742.2580645161,143948.451612903,-4226.03225806452,0,0,0,0,0.166666666666667,9.5,0.416666666666667,0.0416666666666667,0.0166666666666667
2017,2,82107.1428571429,28964.2857142857,11483.0357142857,269002.464285714,5642.125,1.24857142857143,0.285714285714286,1.19142857142857,0.285714285714286,0.0476190476190476,9.76190476190476,0.857142857142857,0.0888133030990174,0.00476190476190476
2017,3,66770.9677419355,29696.7741935484,4695.77419354839,124338.612903226,13441.6129032258,0.278709677419355,0.387096774193548,11.9751612903226,16.0161290322581,0.548387096774194,9.64516129032258,14.258064516129,1.70681003584229,0.0551971326164875
2017,4,67336.6666666667,23530,5547.1,106997.466666667,7379.66666666667,1.23766666666667,0.4,532.103,301.991,0,9.9,82.5,8.46407407407407,0
2017,5,48345.1612903226,19180.6451612903,6774.45161290323,65149.3225806452,2768.4935483871,0.219354838709677,0.0483870967741935,1619.05903225806,496.544193548387,0,10.3666666666667,29.6333333333333,2.96,0
2017,6,26166.6666666667,14023.3333333333,11263.8666666667,28121.3,-4880.26666666667,0,0,181.747,58.5223333333333,0,10.5238095238095,0.0476190476190476,0.00476190476190476,0
2017,7,15000,7985.8064516129,11070.2903225806,9651.22580645161,-8012.1935483871,0,0,0,0,0,10.0769230769231,0,0,0
2017,8,19980.6451612903,4698.38709677419,11780.2580645161,10235.935483871,-9942.90322580645,0,0,0,0,0,10.0833333333333,0,0,0
2017,9,21266.6666666667,3215,9845.43333333333,12936.7333333333,-8515.33333333333,0,0,0,0,0,9.76923076923077,0,0,0
2017,10,13316.1290322581,2743.87096774194,5994.38709677419,9340.58064516129,-5287.41935483871,0,0,0,0,0,9.76923076923077,0,0,0
2017,11,13666.6666666667,2046.33333333333,7588.3,9046.36666666667,-6436,0,0,0,0,0,10.0666666666667,0,0,0
2017,12,14425.8064516129,2150.64516129032,8457.58064516129,6841.12903225806,-7146.21629397549,0,0,0,0,0,9.75862068965517,0,0,0
2018,1,18180.6451612903,2265.48387096774,6497,16992,-4714.06451612903,0,0,0,0,0.516129032258065,10,0,0,0.0516129032258065
2018,2,13532.1428571429,2145,4082.21428571429,11570.25,-3041.03571428571,0.2525,0.285714285714286,0,0,0.173913043478261,10,0.173913043478261,0.0173913043478261,0.0173913043478261
2018,3,26558.064516129,3631.93548387097,6472.54838709677,28192.6774193548,-4381.83870967742,17.6738709677419,6.35483870967742,134.827096774194,92.5,0.636363636363636,10,6.18181818181818,0.618181818181818,0.0636363636363636
2018,4,35520,7145,3977.53333333333,41906.1,-1249.86750116167,3.551,1.13333333333333,397.201333333333,189.310666666667,0,9.53846153846154,8.38461538461539,0.85,0
2018,5,10838.064516129,5180.96774193548,2839.41935483871,12687.1935483871,-1626.49395017114,0.279354838709677,0.0645161290322581,86.8383870967742,33.9677419354839,0,10.0714285714286,0.428571428571429,0.0399159663865546,0
2018,6,12063.3333333333,1491.6,3818.16666666667,7317.6,-4472.66666666667,0,0,0,0,0,10,0,0,0
2018,7,15335.4838709677,562.483870967742,5828.83870967742,6651.77419354839,-6891.93548387097,0,0,0,0,0,10,0,0,0
2018,8,18477.4193548387,551.516129032258,10313.9032258065,5759.8064516129,-10683.8709677419,0,0,0,0,0,10,0,0,0
2018,9,16876.6666666667,999.966666666667,10285.6666666667,6078.26666666667,-10198.3333333333,0,0,0,0,0,10,0,0,0
2018,10,11167.4193548387,1887.41935483871,7957.1935483871,5005.70967741936,-7908.06451612903,0,0,0,0,0,10,0,0,0
2018,11,9611.66666666667,1564,4073,7894.5,-3247.43333333333,0,0,0,0,0,9.90909090909091,0,0,0
2018,12,15093.5483870968,1384.83870967742,7718.90322580645,10077.4193548387,-6162.58064516129,0.167741935483871,0.258064516129032,0,0,2.45454545454545,10,0.227272727272727,0.0227272727272727,0.245454545454545
2019,1,31577.4193548387,1530.64516129032,6045.96774193548,32308.7741935484,-4956.77419354839,2.42677419354839,1.41935483870968,0,0,1.18181818181818,9.90909090909091,0.818181818181818,0.0818181818181818,0.120454545454545
2019,2,55289.2857142857,8654.28571428571,8489.10714285714,81926.8928571429,-4256.14285714286,8.49892857142857,3.28571428571429,0.592857142857143,0.142857142857143,1.15,9.45,1.5,0.15,0.13
2019,3,69916.1290322581,16009.6774193548,7635.35483870968,120729.935483871,178.760449179869,5.77483870967742,1.41935483870968,4.99709677419355,1.38709677419355,0.272727272727273,9.86363636363636,8.68181818181818,0.903246753246753,0.0272727272727273
2019,4,63670,11877,3194.3,85681.5666666667,2210.33333333333,2.27433333333333,0.533333333333333,62.0616666666667,20.1666666666667,0,10,24.9545454545455,2.49545454545455,0
2019,5,36503.2258064516,11062.9032258065,2839.58064516129,50116.7419354839,1916.93548387097,0,0,130.291612903226,47.8387096774194,0,9.95454545454546,0.772727272727273,0.0772727272727273,0
2019,6,29880,12443.6666666667,9737.13333333333,32967.0333333333,-4307.03333333333,0,0,0.953333333333333,1.46666666666667,0,10,0,0,0
2019,7,18022.5806451613,3371.29032258065,11193.7419354839,7633.67741935484,-9637.74193548387,0,0,0,0,0,10,0,0,0
2019,8,20651.6129032258,3244.51612903226,9527.64516129032,11687.064516129,-8567.74193548387,0,0,0,0,0,9.69230769230769,0,0,0
2019,9,20870,2920.66666666667,10202.8666666667,12471.7333333333,-8890.33333333333,0,0,0,0,0,10,0,0,0
2019,10,14280.6451612903,2674.51612903226,2804.70967741935,13226.6451612903,-2080.12834288287,0,0,0,0,0,9.53846153846154,0,0,0
2019,11,10621,1721.33333333333,4889.63333333333,6787.63333333333,-3772.11147490095,0,0,0,0,0,9.46153846153846,0,0,0
2019,12,19409.6774193548,3628.06451612903,10572.5483870968,14507.5806451613,-8151.61290322581,0,0,0,0,3.08695652173913,10,0.391304347826087,0.0391304347826087,0.308695652173913
2020,1,16458.064516129,2259.35483870968,6433,12917.6451612903,-4651.51612903226,0.335483870967742,0.516129032258065,0,0,0.590909090909091,10,0.454545454545455,0.0454545454545455,0.0590909090909091
2020,2,13586.2068965517,2259.31034482759,3786.31034482759,11768.0689655172,-2650.51034482759,0.11,0.137931034482759,0,0,0.25,9.9,0.1,0.01,0.025
2020,3,12067.7419354839,2114.83870967742,4635.06451612903,10325.4838709677,-3469.99402239872,4.92967741935484,2.25806451612903,4.97451612903226,1.93548387096774,0,9.91304347826087,1.17391304347826,0.121739130434783,0
2020,4,11806.6666666667,1958.66666666667,2822.6,11383.6,-1757.06666666667,1.00966666666667,0.566666666666667,120.273,68.209,0,10,45.2380952380952,4.52380952380952,0
2020,5,10552.5806451613,1756.45161290323,1776.35483870968,9053.93548387097,-1107.57694578326,0,0,13.0803225806452,5.12903225806452,0,10,0.352941176470588,0.0352941176470588,0
2020,6,12290,1513.06666666667,3432.93333333333,7108.26666666667,-3513.71353865463,0,0,0,0,0,10,0,0,0
2020,7,13800,947.645161290323,6274.54838709677,4526.61290322581,-6157.41935483871,0,0,0,0,0,9.71428571428571,0,0,0
2020,8,13603.2258064516,450.903225806452,7213.96774193548,3395.61290322581,-7375.16129032258,0,0,0,0,NA,NA,NA,NA,NA
2020,9,11640,577.933333333333,5613.16666666667,4271.6,-5893.33333333333,0,0,0,0,0,9.5,0,0,0
2020,10,8589.35483870968,1157.58064516129,3874.70967741935,4325.12903225806,-4006.23608265803,0,0,0,0,0,10,0,0,0
2020,11,8454.33333333333,1054.73333333333,3225.43333333333,5069.13333333333,-2915.40333333333,0,0,0,0,0,9.84615384615385,0,0,0
2020,12,8779.35483870968,922.516129032258,2630.67741935484,6830.1935483871,-2157.48387096774,0,0,0,0,0,10,0,0,0
